insert into  location.location (id, city, street, house) values ('3df823ff-c995-42b6-ab71-bc7ecfeca410', 'city10', 'street10', 2);
insert into  location.location (id, city, street, house) values ('3df823ff-a895-42b6-ab71-bc7ecfeca410', 'city11', 'street11', 2);
insert into  location.location (id, city, street, house) values ('3df823ff-a795-42b6-ab71-bc7ecfeca410', 'city12', 'street12', 2);
insert into  location.location (id, city, street, house) values ('3df823ff-a695-42b6-ab71-bc7ecfeca410', 'city13', 'street13', 2);
insert into  location.location (id, city, street, house) values ('3df823ff-a595-42b6-ab71-bc7ecfeca410', 'city14', 'street14', 2);
insert into  location.location (id, city, street, house) values ('3df823ff-a495-42b6-ab71-bc7ecfeca410', 'city15', 'street15', 2);
insert into  location.location (id, city, street, house) values ('3df823ff-a395-42b6-ab71-bc7ecfeca410', 'city16', 'street16', 2);
insert into  location.location (id, city, street, house) values ('3df823ff-a295-42b6-ab71-bc7ecfeca410', 'city17', 'street17', 2);
insert into  location.location (id, city, street, house) values ('3df823ff-a095-42b6-ab71-bc7ecfeca410', 'city18', 'street18', 2);
insert into  location.location (id, city, street, house) values ('3df823ff-b995-42b6-ab71-bc7ecfeca410', 'city19', 'street19', 2);
insert into arena.arena (id, name, location_id) VALUES ('3df823ff-a985-42b6-ab71-bc7ecfeca418', 'arena3', '3df823ff-c995-42b6-ab71-bc7ecfeca410');
insert into arena.arena (id, name, location_id) VALUES ('3df823ff-a975-42b6-ab71-bc7ecfeca417', 'arena4', '3df823ff-a895-42b6-ab71-bc7ecfeca410');
insert into arena.arena (id, name, location_id) VALUES ('3df823ff-a965-42b6-ab71-bc7ecfeca417', 'arena5', '3df823ff-a795-42b6-ab71-bc7ecfeca410');
insert into arena.arena (id, name, location_id) VALUES ('3df823ff-a955-42b6-ab71-bc7ecfeca417', 'arena6', '3df823ff-a695-42b6-ab71-bc7ecfeca410');
insert into arena.arena (id, name, location_id) VALUES ('3df823ff-a945-42b6-ab71-bc7ecfeca417', 'arena7', '3df823ff-a595-42b6-ab71-bc7ecfeca410');
insert into arena.arena (id, name, location_id) VALUES ('3df823ff-a935-42b6-ab71-bc7ecfeca417', 'arena8', '3df823ff-a495-42b6-ab71-bc7ecfeca410');
insert into arena.arena (id, name, location_id) VALUES ('3df823ff-a925-42b6-ab71-bc7ecfeca417', 'arena9', '3df823ff-a395-42b6-ab71-bc7ecfeca410');
insert into arena.arena (id, name, location_id) VALUES ('3df823ff-a915-42b6-ab71-bc7ecfeca417', 'arena10','3df823ff-a295-42b6-ab71-bc7ecfeca410');
insert into arena.arena (id, name, location_id) VALUES ('3df823ff-a905-42b6-ab71-bc7ecfeca417', 'arena11','3df823ff-a095-42b6-ab71-bc7ecfeca410');
insert into arena.arena (id, name, location_id) VALUES ('3df823ff-a984-42b6-ab71-bc7ecfeca417', 'arena12','3df823ff-b995-42b6-ab71-bc7ecfeca410');
insert into tournament.tournament (id, name, beginning, ending, arena_id) VALUES ('3df823ff-a995-42b6-ab71-bc7ecfeca416', 'tournament11', '05.12.20', '06.12.20', '3df823ff-a985-42b6-ab71-bc7ecfeca418');
insert into tournament.tournament (id, name, beginning, ending, arena_id) VALUES ('3df723ff-a995-42b6-ab71-bc7ecfeca416', 'tournament12', '07.12.20', '08.12.20', '3df823ff-a975-42b6-ab71-bc7ecfeca417');
insert into tournament.tournament (id, name, beginning, ending, arena_id) VALUES ('3df623ff-a995-42b6-ab71-bc7ecfeca416', 'tournament13', '09.12.20', '10.12.20', '3df823ff-a965-42b6-ab71-bc7ecfeca417');
insert into tournament.tournament (id, name, beginning, ending, arena_id) VALUES ('3df523ff-a995-42b6-ab71-bc7ecfeca416', 'tournament14', '11.12.20', '12.12.20', '3df823ff-a955-42b6-ab71-bc7ecfeca417');
insert into tournament.tournament (id, name, beginning, ending, arena_id) VALUES ('3df423ff-a995-42b6-ab71-bc7ecfeca416', 'tournament15', '13.12.20', '14.12.20', '3df823ff-a945-42b6-ab71-bc7ecfeca417');
insert into tournament.tournament (id, name, beginning, ending, arena_id) VALUES ('3df323ff-a995-42b6-ab71-bc7ecfeca416', 'tournament16', '15.12.20', '16.12.20', '3df823ff-a935-42b6-ab71-bc7ecfeca417');
insert into tournament.tournament (id, name, beginning, ending, arena_id) VALUES ('3df223ff-a995-42b6-ab71-bc7ecfeca416', 'tournament17', '17.12.20', '18.12.20', '3df823ff-a925-42b6-ab71-bc7ecfeca417');
insert into tournament.tournament (id, name, beginning, ending, arena_id) VALUES ('3df123ff-a995-42b6-ab71-bc7ecfeca416', 'tournament18', '19.12.20', '20.12.20', '3df823ff-a915-42b6-ab71-bc7ecfeca417');
insert into tournament.tournament (id, name, beginning, ending, arena_id) VALUES ('3df023ff-a995-42b6-ab71-bc7ecfeca416', 'tournament19', '21.12.20', '22.12.20', '3df823ff-a905-42b6-ab71-bc7ecfeca417');
insert into tournament.tournament (id, name, beginning, ending, arena_id) VALUES ('3df883ff-a995-42b6-ab71-bc7ecfeca416', 'tournament20', '23.12.20', '24.12.20', '3df823ff-a984-42b6-ab71-bc7ecfeca417');